ID	Mentawai	Commons	CommonsNotSegmented	IPA	IPAnotSegmented	Dutch	English	CONCEPTICON_GLOSS	CONCEPTICON_ID	Page	Category	Dialect	Source	Doculect
1	bedoetoei	b e d u t u i	bedutui	b ɛ d u t u i	bɛdutui	gaan	go	GO	695	428	word list	Other Mentawai Islands (Overige Mentaweij eilanden) - Not Tepeket	von Rosenberg (1853)	Mentawai
2	soeroeke	s u r u k e	suruke	s u r u k ɛ	surukɛ	staan	stand	STAND	1442	428	word list	Other Mentawai Islands (Overige Mentaweij eilanden) - Not Tepeket	von Rosenberg (1853)	Mentawai
3	noengan	n u ng a n	nungan	n u ŋ a n	nuŋan	loopen	run	RUN	1519	428	word list	Other Mentawai Islands (Overige Mentaweij eilanden) - Not Tepeket	von Rosenberg (1853)	Mentawai
4	koeddoe	k u d d u	kuddu	k u d d u	kuddu	zitten	sit	SIT	1416	428	word list	Other Mentawai Islands (Overige Mentaweij eilanden) - Not Tepeket	von Rosenberg (1853)	Mentawai
5	kepanoebara	k e p a n u b a r a	kepanubara	k ɛ p a n u b a r a	kɛpanubara	komen	come	COME	1446	428	word list	Other Mentawai Islands (Overige Mentaweij eilanden) - Not Tepeket	von Rosenberg (1853)	Mentawai
6	gala	g a l a	gala	ɡ a l a	ɡala	blijven	stay	REMAIN	987	428	word list	Other Mentawai Islands (Overige Mentaweij eilanden) - Not Tepeket	von Rosenberg (1853)	Mentawai
7	roekoetnake , -boekakai	r u k u t n a k e _ , _ - b u k a k a i	rukutnake , -bukakai	r u k u t n a k ɛ _ , _ - b u k a k a i	rukutnakɛ , -bukakai	openen	open	OPEN	1156	428	word list	Other Mentawai Islands (Overige Mentaweij eilanden) - Not Tepeket	von Rosenberg (1853)	Mentawai
8	kau , aketkako	k a u _ , _ a k e t k a k o	kau , aketkako	k a u _ , _ a k ɛ t k a k o	kau , akɛtkako	geven	give	GIVE	1447	428	word list	Other Mentawai Islands (Overige Mentaweij eilanden) - Not Tepeket	von Rosenberg (1853)	Mentawai
9	poengroeat	p u ng r u a t	pungruat	p u ŋ r u a t	puŋruat	schenken	gift	DONATE	196	428	word list	Other Mentawai Islands (Overige Mentaweij eilanden) - Not Tepeket	von Rosenberg (1853)	Mentawai
10	pasakkie	p a s a k k i	pasakki	p a s a k k i	pasakki	verkoopen	sell	SELL	1571	428	word list	Other Mentawai Islands (Overige Mentaweij eilanden) - Not Tepeket	von Rosenberg (1853)	Mentawai
11	menginang	m e ng i n a ng	menginang	m ɛ ŋ i n a ŋ	mɛŋinaŋ	koopen	buy	BUY	1869	428	word list	Other Mentawai Islands (Overige Mentaweij eilanden) - Not Tepeket	von Rosenberg (1853)	Mentawai
12	noba	n o b a	noba	n o b a	noba	willen	want	WANT	1784	428	word list	Other Mentawai Islands (Overige Mentaweij eilanden) - Not Tepeket	von Rosenberg (1853)	Mentawai
13	djo	j o	jo	d͡ʒ o	d͡ʒo	zien	see	SEE	1409	428	word list	Other Mentawai Islands (Overige Mentaweij eilanden) - Not Tepeket	von Rosenberg (1853)	Mentawai
14	galeij	g a l e:i	gale:i	ɡ a l ɛi̯	ɡalɛi̯	maken	make	MAKE	734	428	word list	Other Mentawai Islands (Overige Mentaweij eilanden) - Not Tepeket	von Rosenberg (1853)	Mentawai
15	gaba	g a b a	gaba	ɡ a b a	ɡaba	zoeken	search	LOOK FOR	1468	428	word list	Other Mentawai Islands (Overige Mentaweij eilanden) - Not Tepeket	von Rosenberg (1853)	Mentawai
16	tibboi	t i b b o i	tibboi	t i b b o i	tibboi	spreken	speak	SPEAK	1623	428	word list	Other Mentawai Islands (Overige Mentaweij eilanden) - Not Tepeket	von Rosenberg (1853)	Mentawai
17	gah-gah	g a ' - g a '	ga'-ga'	ɡ a ʔ - ɡ a ʔ	ɡaʔ-ɡaʔ	lagchen	laugh	LAUGH	1355	428	word list	Other Mentawai Islands (Overige Mentaweij eilanden) - Not Tepeket	von Rosenberg (1853)	Mentawai
18	mso	m s o	mso	m s o	mso	huilen	cry	CRY	1839	428	word list	Other Mentawai Islands (Overige Mentaweij eilanden) - Not Tepeket	von Rosenberg (1853)	Mentawai
19	mokkom	m o k k o m	mokkom	m o k k o m	mokkom	eten	food	FOOD	256	428	word list	Other Mentawai Islands (Overige Mentaweij eilanden) - Not Tepeket	von Rosenberg (1853)	Mentawai
20	lo	l o	lo	l o	lo	drinken	drink	DRINK	1401	428	word list	Other Mentawai Islands (Overige Mentaweij eilanden) - Not Tepeket	von Rosenberg (1853)	Mentawai
21	meleoe	m e l e u	meleu	m ɛ l ɛ u	mɛlɛu	koken	cooking	COOK (SOMETHING)	1100	428	word list	Other Mentawai Islands (Overige Mentaweij eilanden) - Not Tepeket	von Rosenberg (1853)	Mentawai
22	tjatja	c a c a	caca	t͡ʒ a t͡ʒ a	t͡ʒat͡ʒa	snijden	cut	CUT	1432	428	word list	Other Mentawai Islands (Overige Mentaweij eilanden) - Not Tepeket	von Rosenberg (1853)	Mentawai
23	bohbo	b o ' b o	bo'bo	b o ʔ b o	boʔbo	slaan	hit	HIT	1433	428	word list	Other Mentawai Islands (Overige Mentaweij eilanden) - Not Tepeket	von Rosenberg (1853)	Mentawai
24	megage	m e g a g e	megage	m ɛ ɡ a ɡ ɛ	mɛɡaɡɛ	durven	dare	DARE	1779	428	word list	Other Mentawai Islands (Overige Mentaweij eilanden) - Not Tepeket	von Rosenberg (1853)	Mentawai
25	melotje	m e l o c e	meloce	m ɛ l o t͡ʒ ɛ	mɛlot͡ʒɛ	dooden	dead	DEAD	1625	428	word list	Other Mentawai Islands (Overige Mentaweij eilanden) - Not Tepeket	von Rosenberg (1853)	Mentawai
26	mereb	m e r e b	mereb	m ɛ r ɛ b	mɛrɛb	slapen	sleep	SLEEP	1585	428	word list	Other Mentawai Islands (Overige Mentaweij eilanden) - Not Tepeket	von Rosenberg (1853)	Mentawai
27	pengaboetoet	p e ng a b u t u t	pengabutut	p ɛ ŋ a b u t u t	pɛŋabutut	droomen	dreams	DREAM	2374	428	word list	Other Mentawai Islands (Overige Mentaweij eilanden) - Not Tepeket	von Rosenberg (1853)	Mentawai
28	ake	a k e	ake	a k ɛ	akɛ	smeeken	beg	BEG	3534	428	word list	Other Mentawai Islands (Overige Mentaweij eilanden) - Not Tepeket	von Rosenberg (1853)	Mentawai
29	besilie	b e s i l i	besili	b ɛ s i l i	bɛsili	ruilen	exchange	EXCHANGE	2509	428	word list	Other Mentawai Islands (Overige Mentaweij eilanden) - Not Tepeket	von Rosenberg (1853)	Mentawai
30	atei	a t e i	atei	a t ɛ i	atɛi	beminnen	love	LOVE	923	429	word list	Other Mentawai Islands (Overige Mentaweij eilanden) - Not Tepeket	von Rosenberg (1853)	Mentawai
31	einehe	e i n e h e	einehe	ɛ i n ɛ h ɛ	ɛinɛhɛ	wenschen	wishes	LONGING (WISH)	2960	429	word list	Other Mentawai Islands (Overige Mentaweij eilanden) - Not Tepeket	von Rosenberg (1853)	Mentawai
32	soelap	s u l a p	sulap	s u l a p	sulap	naaijen	sewing	SEW	1457	429	word list	Other Mentawai Islands (Overige Mentaweij eilanden) - Not Tepeket	von Rosenberg (1853)	Mentawai
33	kareij	k a r e:i	kare:i	k a r ɛi̯	karɛi̯	klimmen	climb	CLIMB	1102	429	word list	Other Mentawai Islands (Overige Mentaweij eilanden) - Not Tepeket	von Rosenberg (1853)	Mentawai
34	soerat	s u r a t	surat	s u r a t	surat	lezen en schrijven	reading and writing	<NA>		429	word list	Other Mentawai Islands (Overige Mentaweij eilanden) - Not Tepeket	von Rosenberg (1853)	Mentawai
35	melotto	m e l o t t o	melotto	m ɛ l o t t o	mɛlotto	vreezen	dread	FEAR (FRIGHT)	781	429	word list	Other Mentawai Islands (Overige Mentaweij eilanden) - Not Tepeket	von Rosenberg (1853)	Mentawai
36	pogoloe	p o g o l u	pogolu	p o ɡ o l u	poɡolu	vechten	fight	FIGHT	1423	429	word list	Other Mentawai Islands (Overige Mentaweij eilanden) - Not Tepeket	von Rosenberg (1853)	Mentawai
37	tietie	t i t i	titi	t i t i	titi	tatouëren	tattoo	TATTOO	68	429	word list	Other Mentawai Islands (Overige Mentaweij eilanden) - Not Tepeket	von Rosenberg (1853)	Mentawai
38	menanggo	m e n a ng g o	menanggo	m ɛ n a ŋ ɡ o	mɛnaŋɡo	stelen	steal	STEAL	713	429	word list	Other Mentawai Islands (Overige Mentaweij eilanden) - Not Tepeket	von Rosenberg (1853)	Mentawai
39	popogoij	p o p o g o:i	popogo:i	p o p o ɡ oːi̯	popoɡoːi̯	leugen	lie	LIE (FALSEHOOD)	2826	429	word list	Other Mentawai Islands (Overige Mentaweij eilanden) - Not Tepeket	von Rosenberg (1853)	Mentawai
40	loeka	l u k a	luka	l u k a	luka	roeijen	rowing	QUARREL	1848	429	word list	Other Mentawai Islands (Overige Mentaweij eilanden) - Not Tepeket	von Rosenberg (1853)	Mentawai
41	galeij	g a l e:i	gale:i	ɡ a l ɛi̯	ɡalɛi̯	werken	work	WORKING OR WORK	2281	429	word list	Other Mentawai Islands (Overige Mentaweij eilanden) - Not Tepeket	von Rosenberg (1853)	Mentawai
42	goeaba	g u a b a	guaba	ɡ u a b a	ɡuaba	denken	thinking	THINK	2271	429	word list	Other Mentawai Islands (Overige Mentaweij eilanden) - Not Tepeket	von Rosenberg (1853)	Mentawai
43	idoe	i d u	idu	i d u	idu	ruiken	smell	SMELL	2124	429	word list	Other Mentawai Islands (Overige Mentaweij eilanden) - Not Tepeket	von Rosenberg (1853)	Mentawai
44	abara	a b a r a	abara	a b a r a	abara	binden	bind	TIE	1917	429	word list	Other Mentawai Islands (Overige Mentaweij eilanden) - Not Tepeket	von Rosenberg (1853)	Mentawai
45	melija	m e l i y a	meliya	m ɛ l i j a	mɛlija	huwen	marrying	MARRY	203	429	word list	Other Mentawai Islands (Overige Mentaweij eilanden) - Not Tepeket	von Rosenberg (1853)	Mentawai
46	moele-moele	m u l e - m u l e	mule-mule	m u l ɛ - m u l ɛ	mulɛ-mulɛ	groeten	regards	GREET	3552	429	word list	Other Mentawai Islands (Overige Mentaweij eilanden) - Not Tepeket	von Rosenberg (1853)	Mentawai
47	melala	m e l a l a	melala	m ɛ l a l a	mɛlala	zwemmen	swimming	SWIM	1439	429	word list	Other Mentawai Islands (Overige Mentaweij eilanden) - Not Tepeket	von Rosenberg (1853)	Mentawai
48	tjilagoeij	c i l a g u:i	cilagu:i	t͡ʒ i l a ɡ ui̯	t͡ʒilaɡui̯	boogschieten	archery	SHOOT	1172	429	word list	Other Mentawai Islands (Overige Mentaweij eilanden) - Not Tepeket	von Rosenberg (1853)	Mentawai
49	simaliet	s i m a l i t	simalit	s i m a l i t	simalit	dansen	dance	DANCE	1879	429	word list	Other Mentawai Islands (Overige Mentaweij eilanden) - Not Tepeket	von Rosenberg (1853)	Mentawai
50	oereij	u r e:i	ure:i	u r ɛi̯	urɛi̯	zingen	sing	SING	1261	429	word list	Other Mentawai Islands (Overige Mentaweij eilanden) - Not Tepeket	von Rosenberg (1853)	Mentawai
51	djina	j i n a	jina	d͡ʒ i n a	d͡ʒina	duiken	diving	DIVE	119	429	word list	Other Mentawai Islands (Overige Mentaweij eilanden) - Not Tepeket	von Rosenberg (1853)	Mentawai
52	kapira	k a p i r a	kapira	k a p i r a	kapira	visschen	fishing	FISHING	2638	429	word list	Other Mentawai Islands (Overige Mentaweij eilanden) - Not Tepeket	von Rosenberg (1853)	Mentawai
53	kaliba	k a l i b a	kaliba	k a l i b a	kaliba	vergeten	forgotten	FORGET	1523	429	word list	Other Mentawai Islands (Overige Mentaweij eilanden) - Not Tepeket	von Rosenberg (1853)	Mentawai
54	nobno	n o b n o	nobno	n o b n o	nobno	vragen	ask	ASK (INQUIRE)	1309	429	word list	Other Mentawai Islands (Overige Mentaweij eilanden) - Not Tepeket	von Rosenberg (1853)	Mentawai
55	ake	a k e	ake	a k ɛ	akɛ	brengen	bring	BRING	692	429	word list	Other Mentawai Islands (Overige Mentaweij eilanden) - Not Tepeket	von Rosenberg (1853)	Mentawai
56	mabehoola	m a b e h o o l a	mabehoola	m a b ɛ h o o l a	mabɛhoola	wachten	wait	WAIT (FOR)	1590	429	word list	Other Mentawai Islands (Overige Mentaweij eilanden) - Not Tepeket	von Rosenberg (1853)	Mentawai
57	momoilejoe	m o m o i l e y u	momoileyu	m o m o i l ɛ j u	momoilɛju	kunnen	can	BE ABLE	972	429	word list	Other Mentawai Islands (Overige Mentaweij eilanden) - Not Tepeket	von Rosenberg (1853)	Mentawai
58	elejoe	e l e y u	eleyu	ɛ l ɛ j u	ɛlɛju	zijn	its	HIS OR HER	2092	429	word list	Other Mentawai Islands (Overige Mentaweij eilanden) - Not Tepeket	von Rosenberg (1853)	Mentawai
59	kawat	k a w a t	kawat	k a w a t	kawat	worden	become	BECOME	1990	429	word list	Other Mentawai Islands (Overige Mentaweij eilanden) - Not Tepeket	von Rosenberg (1853)	Mentawai
60	baramata	b a r a m a t a	baramata	b a r a m a t a	baramata	levendig	alive	BE ALIVE	1422	429	word list	Other Mentawai Islands (Overige Mentaweij eilanden) - Not Tepeket	von Rosenberg (1853)	Mentawai
61	matean	m a t e a n	matean	m a t ɛ a n	matɛan	dood	dead	DEAD	1625	429	word list	Other Mentawai Islands (Overige Mentaweij eilanden) - Not Tepeket	von Rosenberg (1853)	Mentawai
62	ebejo	e b e y o	ebeyo	ɛ b ɛ j o	ɛbɛjo	groot	great	BIG	1202	429	word list	Other Mentawai Islands (Overige Mentaweij eilanden) - Not Tepeket	von Rosenberg (1853)	Mentawai
63	ngosoh	ng o s o '	ngoso'	ŋ o s o ʔ	ŋosoʔ	klein	small	SMALL	1246	429	word list	Other Mentawai Islands (Overige Mentaweij eilanden) - Not Tepeket	von Rosenberg (1853)	Mentawai
64	mereboe	m e r e b u	merebu	m ɛ r ɛ b u	mɛrɛbu	regt	straight	STRAIGHT	1404	429	word list	Other Mentawai Islands (Overige Mentaweij eilanden) - Not Tepeket	von Rosenberg (1853)	Mentawai
65	mebijau	m e b i y a u	mebiyau	m ɛ b i j a u	mɛbijau	krom	crooked	CROOKED	297	429	word list	Other Mentawai Islands (Overige Mentaweij eilanden) - Not Tepeket	von Rosenberg (1853)	Mentawai
66	narda	n a r d a	narda	n a r d a	narda	lang	long	LONG	1203	429	word list	Other Mentawai Islands (Overige Mentaweij eilanden) - Not Tepeket	von Rosenberg (1853)	Mentawai
67	tete	t e t e	tete	t ɛ t ɛ	tɛtɛ	kort	short	SHORT	1645	429	word list	Other Mentawai Islands (Overige Mentaweij eilanden) - Not Tepeket	von Rosenberg (1853)	Mentawai
68	mesanne	m e s a n n e	mesanne	m ɛ s a n n ɛ	mɛsannɛ	zwaar	heavy	HEAVY	1210	429	word list	Other Mentawai Islands (Overige Mentaweij eilanden) - Not Tepeket	von Rosenberg (1853)	Mentawai
69	menangka	m e n a ng k a	menangka	m ɛ n a ŋ k a	mɛnaŋka	ligt	lying	LIE DOWN	215	429	word list	Other Mentawai Islands (Overige Mentaweij eilanden) - Not Tepeket	von Rosenberg (1853)	Mentawai
70	alia	a l i a	alia	a l i a	alia	breed	wide	WIDE	1243	429	word list	Other Mentawai Islands (Overige Mentaweij eilanden) - Not Tepeket	von Rosenberg (1853)	Mentawai
71	naboeak	n a b u a k	nabuak	n a b u a k	nabuak	hoog	high	HIGH	1265	429	word list	Other Mentawai Islands (Overige Mentaweij eilanden) - Not Tepeket	von Rosenberg (1853)	Mentawai
72	metaleb	m e t a l e b	metaleb	m ɛ t a l ɛ b	mɛtalɛb	laag	low	LOW	721	429	word list	Other Mentawai Islands (Overige Mentaweij eilanden) - Not Tepeket	von Rosenberg (1853)	Mentawai
73	keëroe	k e 'e r u	ke'eru	k ɛ ʔɛ r u	kɛʔɛru	diep	deep	DEEP	1593	429	word list	Other Mentawai Islands (Overige Mentaweij eilanden) - Not Tepeket	von Rosenberg (1853)	Mentawai
74	meninim	m e n i n i m	meninim	m ɛ n i n i m	mɛninim	fijn	fine	FINE OR THIN	2157	429	word list	Other Mentawai Islands (Overige Mentaweij eilanden) - Not Tepeket	von Rosenberg (1853)	Mentawai
75	mkabejoean	m k a b e y u a n	mkabeyuan	m k a b ɛ j u a n	mkabɛjuan	grof	coarse	COARSE	2151	429	word list	Other Mentawai Islands (Overige Mentaweij eilanden) - Not Tepeket	von Rosenberg (1853)	Mentawai
76	mehroe	m e h r u	mehru	m ɛ h r u	mɛhru	schoon	clean	CLEAN	704	429	word list	Other Mentawai Islands (Overige Mentaweij eilanden) - Not Tepeket	von Rosenberg (1853)	Mentawai
77	tamehroe	t a m e h r u	tamehru	t a m ɛ h r u	tamɛhru	leelijk	ugly	UGLY	1548	429	word list	Other Mentawai Islands (Overige Mentaweij eilanden) - Not Tepeket	von Rosenberg (1853)	Mentawai
78	arehjoe	a r e ' y u	are'yu	a r ɛ ʔ j u	arɛʔju	verre	far	FAR	1406	429	word list	Other Mentawai Islands (Overige Mentaweij eilanden) - Not Tepeket	von Rosenberg (1853)	Mentawai
79	melekre	m e l e k r e	melekre	m ɛ l ɛ k r ɛ	mɛlɛkrɛ	nabij	near	NEAR	1942	429	word list	Other Mentawai Islands (Overige Mentaweij eilanden) - Not Tepeket	von Rosenberg (1853)	Mentawai
80	kepoe	k e p u	kepu	k ɛ p u	kɛpu	dik	thick	THICK	1244	429	word list	Other Mentawai Islands (Overige Mentaweij eilanden) - Not Tepeket	von Rosenberg (1853)	Mentawai
81	menimpie	m e n i m p i	menimpi	m ɛ n i m p i	mɛnimpi	dun	thin	THIN	2308	429	word list	Other Mentawai Islands (Overige Mentaweij eilanden) - Not Tepeket	von Rosenberg (1853)	Mentawai
82	moekeikei	m u k e i k e i	mukeikei	m u k ɛ i k ɛ i	mukɛikɛi	zoet	sweet	SWEET	717	429	word list	Other Mentawai Islands (Overige Mentaweij eilanden) - Not Tepeket	von Rosenberg (1853)	Mentawai
83	melagah	m e l a g a '	melaga'	m ɛ l a ɡ a ʔ	mɛlaɡaʔ	zuur	sour	SOUR	1906	429	word list	Other Mentawai Islands (Overige Mentaweij eilanden) - Not Tepeket	von Rosenberg (1853)	Mentawai
84	mohpognie	m o h p o g n i	mohpogni	m o h p o ɡ n i	mohpoɡni	bitter	bitter	BITTER	887	429	word list	Other Mentawai Islands (Overige Mentaweij eilanden) - Not Tepeket	von Rosenberg (1853)	Mentawai
85	mekello	m e k e l l o	mekello	m ɛ k ɛ l l o	mɛkɛllo	hard	hard	HARD	1884	429	word list	Other Mentawai Islands (Overige Mentaweij eilanden) - Not Tepeket	von Rosenberg (1853)	Mentawai
86	mahmehme	m a h m e h m e	mahmehme	m a h m ɛ h m ɛ	mahmɛhmɛ	week	soft	SOFT	1856	429	word list	Other Mentawai Islands (Overige Mentaweij eilanden) - Not Tepeket	von Rosenberg (1853)	Mentawai
87	meroket	m e r o k e t	meroket	m ɛ r o k ɛ t	mɛrokɛt	heet	hot	HOT	1286	429	word list	Other Mentawai Islands (Overige Mentaweij eilanden) - Not Tepeket	von Rosenberg (1853)	Mentawai
88	melebet	m e l e b e t	melebet	m ɛ l ɛ b ɛ t	mɛlɛbɛt	koud	cold	COLD	1287	429	word list	Other Mentawai Islands (Overige Mentaweij eilanden) - Not Tepeket	von Rosenberg (1853)	Mentawai
89	menggamang	m e ng g a m a ng	menggamang	m ɛ ŋ ɡ a m a ŋ	mɛŋɡamaŋ	naarstig	diligently	DILIGENT	2077	429	word list	Other Mentawai Islands (Overige Mentaweij eilanden) - Not Tepeket	von Rosenberg (1853)	Mentawai
90	mobehlie	m o b e h l i	mobehli	m o b ɛ h l i	mobɛhli	lui	lazy	LAZY	1564	429	word list	Other Mentawai Islands (Overige Mentaweij eilanden) - Not Tepeket	von Rosenberg (1853)	Mentawai
91	meboeted	m e b u t e d	mebuted	m ɛ b u t ɛ d	mɛbutɛd	stinkend	stinking	STINKING	42	429	word list	Other Mentawai Islands (Overige Mentaweij eilanden) - Not Tepeket	von Rosenberg (1853)	Mentawai
92	tjeeget	c e e g e t	ceeget	t͡ʒ ɛ ɛ ɡ ɛ t	t͡ʒɛɛɡɛt	genoeg	enough	ENOUGH	1881	429	word list	Other Mentawai Islands (Overige Mentaweij eilanden) - Not Tepeket	von Rosenberg (1853)	Mentawai
93	tabettjeeget	t a b e t c e e g e t	tabetceeget	t a b ɛ t t͡ʒ ɛ ɛ ɡ ɛ t	tabɛtt͡ʒɛɛɡɛt	niet genoeg	not enough	LACK (NOT HAVE)	2329	429	word list	Other Mentawai Islands (Overige Mentaweij eilanden) - Not Tepeket	von Rosenberg (1853)	Mentawai
94	kapagaa	k a p a g a a	kapagaa	k a p a ɡ a a	kapaɡaa	van binnen	inside	INSIDE	1606	429	word list	Other Mentawai Islands (Overige Mentaweij eilanden) - Not Tepeket	von Rosenberg (1853)	Mentawai
95	kapatoh	k a p a t o '	kapato'	k a p a t o ʔ	kapatoʔ	van buiten	outside	OUTSIDE	762	429	word list	Other Mentawai Islands (Overige Mentaweij eilanden) - Not Tepeket	von Rosenberg (1853)	Mentawai
96	meschako	m e s a k o	mesako	m ɛ ʃ a k o	mɛʃako	vermoeid	tired	TIRED	1757	429	word list	Other Mentawai Islands (Overige Mentaweij eilanden) - Not Tepeket	von Rosenberg (1853)	Mentawai
97	mahmeng	m a h m e ng	mahmeng	m a h m ɛ ŋ	mahmɛŋ	stil	silent	BE SILENT	48	429	word list	Other Mentawai Islands (Overige Mentaweij eilanden) - Not Tepeket	von Rosenberg (1853)	Mentawai
98	mobehsie	m o b e h s i	mobehsi	m o b ɛ h s i	mobɛhsi	ziek	sick	SICK	1847	430	word list	Other Mentawai Islands (Overige Mentaweij eilanden) - Not Tepeket	von Rosenberg (1853)	Mentawai
99	onon	o n o n	onon	o n o n	onon	ja	yes	YES	1268	430	word list	Other Mentawai Islands (Overige Mentaweij eilanden) - Not Tepeket	von Rosenberg (1853)	Mentawai
100	taneij	t a n e:i	tane:i	t a n ɛi̯	tanɛi̯	neen	no	NO	1269	430	word list	Other Mentawai Islands (Overige Mentaweij eilanden) - Not Tepeket	von Rosenberg (1853)	Mentawai
101	kei	k e i	kei	k ɛ i	kɛi	ik	me	ME	2301	430	word list	Other Mentawai Islands (Overige Mentaweij eilanden) - Not Tepeket	von Rosenberg (1853)	Mentawai
102	kam	k a m	kam	k a m	kam	gij	thou	THOU	1215	430	word list	Other Mentawai Islands (Overige Mentaweij eilanden) - Not Tepeket	von Rosenberg (1853)	Mentawai
103	kassia	k a s s i a	kassia	k a s s i a	kassia	hij	he	HE	1211	430	word list	Other Mentawai Islands (Overige Mentaweij eilanden) - Not Tepeket	von Rosenberg (1853)	Mentawai
104	akoesebakatnija	a k u s e b a k a t n i y a	akusebakatniya	a k u s ɛ b a k a t n i j a	akusɛbakatnija	mijn	my	MY	2090	430	word list	Other Mentawai Islands (Overige Mentaweij eilanden) - Not Tepeket	von Rosenberg (1853)	Mentawai
105	kamsebakatnija	k a m s e b a k a t n i y a	kamsebakatniya	k a m s ɛ b a k a t n i j a	kamsɛbakatnija	zijn	his	HIS (GENITIVE OF HE)	2473	430	word list	Other Mentawai Islands (Overige Mentaweij eilanden) - Not Tepeket	von Rosenberg (1853)	Mentawai
106	keijlejoe	k e:i l e y u	ke:ileyu	k ɛi̯ l ɛ j u	kɛi̯lɛju	hier	here	HERE	136	430	word list	Other Mentawai Islands (Overige Mentaweij eilanden) - Not Tepeket	von Rosenberg (1853)	Mentawai
107	eikoij	e i k o:i	eiko:i	ɛ i k oːi̯	ɛikoːi̯	dit en dat	this and that	<NA>		430	word list	Other Mentawai Islands (Overige Mentaweij eilanden) - Not Tepeket	von Rosenberg (1853)	Mentawai
108	mefoeschoe	m e f u s u	mefusu	m ɛ f u ʃ u	mɛfuʃu	zwart	black	BLACK	163	430	word list	Other Mentawai Islands (Overige Mentaweij eilanden) - Not Tepeket	von Rosenberg (1853)	Mentawai
109	meboelau	m e b u l a u	mebulau	m ɛ b u l a u	mɛbulau	wit	white	WHITE	1335	430	word list	Other Mentawai Islands (Overige Mentaweij eilanden) - Not Tepeket	von Rosenberg (1853)	Mentawai
110	maboogat	m a b o o g a t	maboogat	m a b o o ɡ a t	mabooɡat	rood	red	RED	156	430	word list	Other Mentawai Islands (Overige Mentaweij eilanden) - Not Tepeket	von Rosenberg (1853)	Mentawai
111	maliemoen	m a l i m u n	malimun	m a l i m u n	malimun	groen	green	GREEN	1425	430	word list	Other Mentawai Islands (Overige Mentaweij eilanden) - Not Tepeket	von Rosenberg (1853)	Mentawai
112	makinoe	m a k i n u	makinu	m a k i n u	makinu	geel	yellow	YELLOW	1424	430	word list	Other Mentawai Islands (Overige Mentaweij eilanden) - Not Tepeket	von Rosenberg (1853)	Mentawai
113	mesoerau	m e s u r a u	mesurau	m ɛ s u r a u	mɛsurau	blaauw	blue	BLUE	837	430	word list	Other Mentawai Islands (Overige Mentaweij eilanden) - Not Tepeket	von Rosenberg (1853)	Mentawai
114	mopatoh	m o p a t o '	mopato'	m o p a t o ʔ	mopatoʔ	klaar	ready	READY	790	430	word list	Other Mentawai Islands (Overige Mentaweij eilanden) - Not Tepeket	von Rosenberg (1853)	Mentawai
115	mogebgeb	m o g e b g e b	mogebgeb	m o ɡ ɛ b ɡ ɛ b	moɡɛbɡɛb	donker	dark	DARK	706	430	word list	Other Mentawai Islands (Overige Mentaweij eilanden) - Not Tepeket	von Rosenberg (1853)	Mentawai
116	mopatoh	m o p a t o '	mopato'	m o p a t o ʔ	mopatoʔ	dag	day	DAY (NOT NIGHT)	1225	430	word list	Other Mentawai Islands (Overige Mentaweij eilanden) - Not Tepeket	von Rosenberg (1853)	Mentawai
117	moschebo	m o s e b o	mosebo	m o ʃ ɛ b o	moʃɛbo	nacht	night	NIGHT	1233	430	word list	Other Mentawai Islands (Overige Mentaweij eilanden) - Not Tepeket	von Rosenberg (1853)	Mentawai
118	soeloeh	s u l u '	sulu'	s u l u ʔ	suluʔ	zon	sun	SUN	1343	430	word list	Other Mentawai Islands (Overige Mentaweij eilanden) - Not Tepeket	von Rosenberg (1853)	Mentawai
119	lakko	l a k k o	lakko	l a k k o	lakko	maan	moon	MOON	1313	430	word list	Other Mentawai Islands (Overige Mentaweij eilanden) - Not Tepeket	von Rosenberg (1853)	Mentawai
120	pinjangang	p i n y a ng a ng	pinyangang	p i n j a ŋ a ŋ	pinjaŋaŋ	ster	star	STAR	1430	430	word list	Other Mentawai Islands (Overige Mentaweij eilanden) - Not Tepeket	von Rosenberg (1853)	Mentawai
121	benoea	b e n u a	benua	b ɛ n u a	bɛnua	hemel	sky	SKY	1732	430	word list	Other Mentawai Islands (Overige Mentaweij eilanden) - Not Tepeket	von Rosenberg (1853)	Mentawai
122	oerat	u r a t	urat	u r a t	urat	regen	rain	RAINING OR RAIN	2108	430	word list	Other Mentawai Islands (Overige Mentaweij eilanden) - Not Tepeket	von Rosenberg (1853)	Mentawai
123	roesah	r u s a '	rusa'	r u s a ʔ	rusaʔ	wind	wind	WIND	960	430	word list	Other Mentawai Islands (Overige Mentaweij eilanden) - Not Tepeket	von Rosenberg (1853)	Mentawai
124	lalehgoe	l a l e ' g u	lale'gu	l a l ɛ ʔ ɡ u	lalɛʔɡu	donder	thunder	THUNDER	1150	430	word list	Other Mentawai Islands (Overige Mentaweij eilanden) - Not Tepeket	von Rosenberg (1853)	Mentawai
125	moboesetbenoea	m o b u s e t b e n u a	mobusetbenua	m o b u s ɛ t b ɛ n u a	mobusɛtbɛnua	bliksem	lightning	LIGHTNING	1654	430	word list	Other Mentawai Islands (Overige Mentaweij eilanden) - Not Tepeket	von Rosenberg (1853)	Mentawai
126	enggoij	e ng g o:i	enggo:i	ɛ ŋ ɡ oːi̯	ɛŋɡoːi̯	aarde	earth	EARTH (SOIL)	1228	430	word list	Other Mentawai Islands (Overige Mentaweij eilanden) - Not Tepeket	von Rosenberg (1853)	Mentawai
127	oinan	o i n a n	oinan	o i n a n	oinan	water	water	WATER	948	430	word list	Other Mentawai Islands (Overige Mentaweij eilanden) - Not Tepeket	von Rosenberg (1853)	Mentawai
128	aloetet	a l u t e t	alutet	a l u t ɛ t	alutɛt	vuur	fire	FIRE	221	430	word list	Other Mentawai Islands (Overige Mentaweij eilanden) - Not Tepeket	von Rosenberg (1853)	Mentawai
129	oeka akeh	u k a _ a k e '	uka ake'	u k a _ a k ɛ ʔ	uka akɛʔ	rivier	river	RIVER	666	430	word list	Other Mentawai Islands (Overige Mentaweij eilanden) - Not Tepeket	von Rosenberg (1853)	Mentawai
130	lehlejoe	l e h l e y u	lehleyu	l ɛ h l ɛ j u	lɛhlɛju	berg	mountain	MOUNTAIN	639	430	word list	Other Mentawai Islands (Overige Mentaweij eilanden) - Not Tepeket	von Rosenberg (1853)	Mentawai
131	liboet	l i b u t	libut	l i b u t	libut	eiland	island	ISLAND	622	430	word list	Other Mentawai Islands (Overige Mentaweij eilanden) - Not Tepeket	von Rosenberg (1853)	Mentawai
132	boekko	b u k k o	bukko	b u k k o	bukko	steen	stone	STONE (OF FRUIT)	1762	430	word list	Other Mentawai Islands (Overige Mentaweij eilanden) - Not Tepeket	von Rosenberg (1853)	Mentawai
133	behbehkwat	b e ' b e h k w a t	be'behkwat	b ɛ ʔ b ɛ h k w a t	bɛʔbɛhkwat	zeestrand	sea beach	BEACH	3460	430	word list	Other Mentawai Islands (Overige Mentaweij eilanden) - Not Tepeket	von Rosenberg (1853)	Mentawai
134	boekei	b u k e i	bukei	b u k ɛ i	bukɛi	zand	sand	SAND	671	430	word list	Other Mentawai Islands (Overige Mentaweij eilanden) - Not Tepeket	von Rosenberg (1853)	Mentawai
135	koat	k o a t	koat	k o a t	koat	zee	sea	SEA	1474	430	word list	Other Mentawai Islands (Overige Mentaweij eilanden) - Not Tepeket	von Rosenberg (1853)	Mentawai
136	oeneij	u n e:i	une:i	u n ɛi̯	unɛi̯	rots	rock	ROCK	668	430	word list	Other Mentawai Islands (Overige Mentaweij eilanden) - Not Tepeket	von Rosenberg (1853)	Mentawai
137	taiteij	t a i t e:i	taite:i	t a i t ɛi̯	taitɛi̯	vuursteen	flint	STONE	857	430	word list	Other Mentawai Islands (Overige Mentaweij eilanden) - Not Tepeket	von Rosenberg (1853)	Mentawai
138	lahba	l a ' b a	la'ba	l a ʔ b a	laʔba	yzer	yzer	<NA>		430	word list	Other Mentawai Islands (Overige Mentaweij eilanden) - Not Tepeket	von Rosenberg (1853)	Mentawai
139	latjo	l a c o	laco	l a t͡ʒ o	lat͡ʒo	koper	copper	COPPER	1825	430	word list	Other Mentawai Islands (Overige Mentaweij eilanden) - Not Tepeket	von Rosenberg (1853)	Mentawai
140	boelagat	b u l a g a t	bulagat	b u l a ɡ a t	bulaɡat	gepolijst metaal	polished metal	METAL	2244	430	word list	Other Mentawai Islands (Overige Mentaweij eilanden) - Not Tepeket	von Rosenberg (1853)	Mentawai
141	bakan	b a k a n	bakan	b a k a n	bakan	boom	tree	TREE	906	430	word list	Other Mentawai Islands (Overige Mentaweij eilanden) - Not Tepeket	von Rosenberg (1853)	Mentawai
142	toitet	t o i t e t	toitet	t o i t ɛ t	toitɛt	kokosboom	coconut tree	COCONUT TREE	147	430	word list	Other Mentawai Islands (Overige Mentaweij eilanden) - Not Tepeket	von Rosenberg (1853)	Mentawai
143	sageij	s a g e:i	sage:i	s a ɡ ɛi̯	saɡɛi̯	sagopalm	sago palm	SAGO PALM	2372	430	word list	Other Mentawai Islands (Overige Mentaweij eilanden) - Not Tepeket	von Rosenberg (1853)	Mentawai
144	pakau	p a k a u	pakau	p a k a u	pakau	pinang	pinang	BETELNUT	217	430	word list	Other Mentawai Islands (Overige Mentaweij eilanden) - Not Tepeket	von Rosenberg (1853)	Mentawai
145	alieboek	a l i b u k	alibuk	a l i b u k	alibuk	nibong	nibong	PALM TREE	1181	430	word list	Other Mentawai Islands (Overige Mentaweij eilanden) - Not Tepeket	von Rosenberg (1853)	Mentawai
146	bako	b a k o	bako	b a k o	bako	pisang	pisang	BANANA TREE	1795	430	word list	Other Mentawai Islands (Overige Mentaweij eilanden) - Not Tepeket	von Rosenberg (1853)	Mentawai
147	koleh	k o l e '	kole'	k o l ɛ ʔ	kolɛʔ	suikerriet	sugar cane	SUGAR CANE	146	430	word list	Other Mentawai Islands (Overige Mentaweij eilanden) - Not Tepeket	von Rosenberg (1853)	Mentawai
148	poolah	p o o l a '	poola'	p o o l a ʔ	poolaʔ	langkopalm	long-headed palm	PALM TREE	1181	430	word list	Other Mentawai Islands (Overige Mentaweij eilanden) - Not Tepeket	von Rosenberg (1853)	Mentawai
149	penilok	p e n i l o k	penilok	p ɛ n i l o k	pɛnilok	aroeboom	arum	<NA>		430	word list	Other Mentawai Islands (Overige Mentaweij eilanden) - Not Tepeket	von Rosenberg (1853)	Mentawai
150	meketteh	m e k e t t e '	mekette'	m ɛ k ɛ t t ɛ ʔ	mɛkɛttɛʔ	kladdie	kladdie	TARO	351	430	word list	Other Mentawai Islands (Overige Mentaweij eilanden) - Not Tepeket	von Rosenberg (1853)	Mentawai
151	gobbie	g o b b i	gobbi	ɡ o b b i	ɡobbi	obie	obie	YAM	410	430	word list	Other Mentawai Islands (Overige Mentaweij eilanden) - Not Tepeket	von Rosenberg (1853)	Mentawai
152	doria	d o r i a	doria	d o r i a	doria	doerian	durian	<NA>		430	word list	Other Mentawai Islands (Overige Mentaweij eilanden) - Not Tepeket	von Rosenberg (1853)	Mentawai
153	limau	l i m a u	limau	l i m a u	limau	citroenboom	lemon tree	LEMON	3091	430	word list	Other Mentawai Islands (Overige Mentaweij eilanden) - Not Tepeket	von Rosenberg (1853)	Mentawai
154	mangie	m a ng i	mangi	m a ŋ i	maŋi	manggostan	manggostan	<NA>		430	word list	Other Mentawai Islands (Overige Mentaweij eilanden) - Not Tepeket	von Rosenberg (1853)	Mentawai
155	lahro	l a h r o	lahro	l a h r o	lahro	spaansche peper	spanish pepper	PEPPER	1385	430	word list	Other Mentawai Islands (Overige Mentaweij eilanden) - Not Tepeket	von Rosenberg (1853)	Mentawai
156	tjabbei	c a b b e i	cabbei	t͡ʒ a b b ɛ i	t͡ʒabbɛi	sirie	sirie	BETELNUT	217	430	word list	Other Mentawai Islands (Overige Mentaweij eilanden) - Not Tepeket	von Rosenberg (1853)	Mentawai
157	mehgiab	m e ' g i a b	me'giab	m ɛ ʔ ɡ i a b	mɛʔɡiab	bamboe	bamboo	BAMBOO	1927	430	word list	Other Mentawai Islands (Overige Mentaweij eilanden) - Not Tepeket	von Rosenberg (1853)	Mentawai
158	sahsa	s a h s a	sahsa	s a h s a	sahsa	rotting	decay	ROT	2907	430	word list	Other Mentawai Islands (Overige Mentaweij eilanden) - Not Tepeket	von Rosenberg (1853)	Mentawai
159	sitapeijpeij	s i t a p e:i p e:i	sitape:ipe:i	s i t a p ɛi̯ p ɛi̯	sitapɛi̯pɛi̯	schulp	shell	SHELL	598	430	word list	Other Mentawai Islands (Overige Mentaweij eilanden) - Not Tepeket	von Rosenberg (1853)	Mentawai
160	bohboket	b o ' b o k e t	bo'boket	b o ʔ b o k ɛ t	boʔbokɛt	oester	oyster	OYSTERS	2830	430	word list	Other Mentawai Islands (Overige Mentaweij eilanden) - Not Tepeket	von Rosenberg (1853)	Mentawai
161	legoe	l e g u	legu	l ɛ ɡ u	lɛɡu	muskiet	mosquito	MOSQUITO	1509	430	word list	Other Mentawai Islands (Overige Mentaweij eilanden) - Not Tepeket	von Rosenberg (1853)	Mentawai
162	manies	m a n i s	manis	m a n i s	manis	bij	at	AT	1461	430	word list	Other Mentawai Islands (Overige Mentaweij eilanden) - Not Tepeket	von Rosenberg (1853)	Mentawai
163	manies	m a n i s	manis	m a n i s	manis	honig	honey	HONEY	942	430	word list	Other Mentawai Islands (Overige Mentaweij eilanden) - Not Tepeket	von Rosenberg (1853)	Mentawai
164	lili	l i l i	lili	l i l i	lili	was	wash	WASH	1453	430	word list	Other Mentawai Islands (Overige Mentaweij eilanden) - Not Tepeket	von Rosenberg (1853)	Mentawai
165	sigeb	s i g e b	sigeb	s i ɡ ɛ b	siɡɛb	mier	ant	ANT	587	430	word list	Other Mentawai Islands (Overige Mentaweij eilanden) - Not Tepeket	von Rosenberg (1853)	Mentawai
166	singoemin	s i ng u m i n	singumin	s i ŋ u m i n	siŋumin	kreeft	lobster	LOBSTER	2397	431	word list	Other Mentawai Islands (Overige Mentaweij eilanden) - Not Tepeket	von Rosenberg (1853)	Mentawai
167	kobet	k o b e t	kobet	k o b ɛ t	kobɛt	koraal	coral	CORAL ROCK	3179	431	word list	Other Mentawai Islands (Overige Mentaweij eilanden) - Not Tepeket	von Rosenberg (1853)	Mentawai
168	iwah	i w a '	iwa'	i w a ʔ	iwaʔ	visch	fish	FISH	227	431	word list	Other Mentawai Islands (Overige Mentaweij eilanden) - Not Tepeket	von Rosenberg (1853)	Mentawai
169	sabah	s a b a '	saba'	s a b a ʔ	sabaʔ	slang	snake	SNAKE	730	431	word list	Other Mentawai Islands (Overige Mentaweij eilanden) - Not Tepeket	von Rosenberg (1853)	Mentawai
170	keijra	k e:i r a	ke:ira	k ɛi̯ r a	kɛi̯ra	schildpad	turtle	TURTLE	112	431	word list	Other Mentawai Islands (Overige Mentaweij eilanden) - Not Tepeket	von Rosenberg (1853)	Mentawai
171	koinan	k o i n a n	koinan	k o i n a n	koinan	krokodil	crocodile	CROCODILE	1857	431	word list	Other Mentawai Islands (Overige Mentaweij eilanden) - Not Tepeket	von Rosenberg (1853)	Mentawai
172	oemeij	u m e:i	ume:i	u m ɛi̯	umɛi̯	vogel	bird	BIRD	937	431	word list	Other Mentawai Islands (Overige Mentaweij eilanden) - Not Tepeket	von Rosenberg (1853)	Mentawai
173	etehloe	e t e h l u	etehlu	ɛ t ɛ h l u	ɛtɛhlu	vogelei	bird's egg	EGG	744	431	word list	Other Mentawai Islands (Overige Mentaweij eilanden) - Not Tepeket	von Rosenberg (1853)	Mentawai
174	gaugau	g a u g a u	gaugau	ɡ a u ɡ a u	ɡauɡau	hoen	fowl	FOWL	265	431	word list	Other Mentawai Islands (Overige Mentaweij eilanden) - Not Tepeket	von Rosenberg (1853)	Mentawai
175	labeij	l a b e:i	labe:i	l a b ɛi̯	labɛi̯	reiger	heron	HERON	758	431	word list	Other Mentawai Islands (Overige Mentaweij eilanden) - Not Tepeket	von Rosenberg (1853)	Mentawai
176	adere	a d e r e	adere	a d ɛ r ɛ	adɛrɛ	perikiet	perikite	PARAKEET	886	431	word list	Other Mentawai Islands (Overige Mentaweij eilanden) - Not Tepeket	von Rosenberg (1853)	Mentawai
177	moiriet	m o i r i t	moirit	m o i r i t	moirit	boschduif	wood pigeon	BIRD	937	431	word list	Other Mentawai Islands (Overige Mentaweij eilanden) - Not Tepeket	von Rosenberg (1853)	Mentawai
178	maijang	m a:i a ng	ma:iang	m aːi̯ a ŋ	maːi̯aŋ	roofvogel	bird of prey	EAGLE	1905	431	word list	Other Mentawai Islands (Overige Mentaweij eilanden) - Not Tepeket	von Rosenberg (1853)	Mentawai
179	ngoeroet	ng u r u t	ngurut	ŋ u r u t	ŋurut	bejo	bejo	PARAKEET	886	431	word list	Other Mentawai Islands (Overige Mentaweij eilanden) - Not Tepeket	von Rosenberg (1853)	Mentawai
180	bilau	b i l a u	bilau	b i l a u	bilau	aap	monkey	MONKEY	1350	431	word list	Other Mentawai Islands (Overige Mentaweij eilanden) - Not Tepeket	von Rosenberg (1853)	Mentawai
181	tjetje	c e c e	cece	t͡ʒ ɛ t͡ʒ ɛ	t͡ʒɛt͡ʒɛ	hert	deer	DEER	1936	431	word list	Other Mentawai Islands (Overige Mentaweij eilanden) - Not Tepeket	von Rosenberg (1853)	Mentawai
182	djodjo	j o j o	jojo	d͡ʒ o d͡ʒ o	d͡ʒod͡ʒo	hond	dog	DOG	2009	431	word list	Other Mentawai Islands (Overige Mentaweij eilanden) - Not Tepeket	von Rosenberg (1853)	Mentawai
183	kohko	k o h k o	kohko	k o h k o	kohko	varken	pig	PIG	1337	431	word list	Other Mentawai Islands (Overige Mentaweij eilanden) - Not Tepeket	von Rosenberg (1853)	Mentawai
184	biroet	b i r u t	birut	b i r u t	birut	rat	rat	RAT	1490	431	word list	Other Mentawai Islands (Overige Mentaweij eilanden) - Not Tepeket	von Rosenberg (1853)	Mentawai
185	mau	m a u	mau	m a u	mau	kat	cat	CAT	1208	431	word list	Other Mentawai Islands (Overige Mentaweij eilanden) - Not Tepeket	von Rosenberg (1853)	Mentawai
186	seribenoea	s e r i b e n u a	seribenua	s ɛ r i b ɛ n u a	sɛribɛnua	mensch	human	PERSON	683	431	word list	Other Mentawai Islands (Overige Mentaweij eilanden) - Not Tepeket	von Rosenberg (1853)	Mentawai
187	temandejoe	t e m a n d e y u	temandeyu	t ɛ m a n d ɛ j u	tɛmandɛju	man	man	MAN	1554	431	word list	Other Mentawai Islands (Overige Mentaweij eilanden) - Not Tepeket	von Rosenberg (1853)	Mentawai
188	sinanaleb	s i n a n a l e b	sinanaleb	s i n a n a l ɛ b	sinanalɛb	vrouw	woman	WOMAN	962	431	word list	Other Mentawai Islands (Overige Mentaweij eilanden) - Not Tepeket	von Rosenberg (1853)	Mentawai
189	toga	t o g a	toga	t o ɡ a	toɡa	kind	child	CHILD	2099	431	word list	Other Mentawai Islands (Overige Mentaweij eilanden) - Not Tepeket	von Rosenberg (1853)	Mentawai
190	okoei	o k u i	okui	o k u i	okui	vader	father	FATHER	1217	431	word list	Other Mentawai Islands (Overige Mentaweij eilanden) - Not Tepeket	von Rosenberg (1853)	Mentawai
191	kmaman	k m a m a n	kmaman	k m a m a n	kmaman	moeder	mother	MOTHER	1216	431	word list	Other Mentawai Islands (Overige Mentaweij eilanden) - Not Tepeket	von Rosenberg (1853)	Mentawai
192	bagie	b a g i	bagi	b a ɡ i	baɡi	zuster	sister	SISTER	1263	431	word list	Other Mentawai Islands (Overige Mentaweij eilanden) - Not Tepeket	von Rosenberg (1853)	Mentawai
193	keboe	k e b u	kebu	k ɛ b u	kɛbu	broeder	brother	BROTHER	1262	431	word list	Other Mentawai Islands (Overige Mentaweij eilanden) - Not Tepeket	von Rosenberg (1853)	Mentawai
194	seraina	s e r a i n a	seraina	s ɛ r a i n a	sɛraina	vriend	friend	FRIEND	1325	431	word list	Other Mentawai Islands (Overige Mentaweij eilanden) - Not Tepeket	von Rosenberg (1853)	Mentawai
195	oete	u t e	ute	u t ɛ	utɛ	hoofd	head	HEAD	1256	431	word list	Other Mentawai Islands (Overige Mentaweij eilanden) - Not Tepeket	von Rosenberg (1853)	Mentawai
196	alei	a l e i	alei	a l ɛ i	alɛi	haar	hair	HAIR	1040	431	word list	Other Mentawai Islands (Overige Mentaweij eilanden) - Not Tepeket	von Rosenberg (1853)	Mentawai
197	boekkoe	b u k k u	bukku	b u k k u	bukku	voorhoofd	forehead	FOREHEAD	123	431	word list	Other Mentawai Islands (Overige Mentaweij eilanden) - Not Tepeket	von Rosenberg (1853)	Mentawai
198	mata	m a t a	mata	m a t a	mata	oogen	eyes	EYE	1248	431	word list	Other Mentawai Islands (Overige Mentaweij eilanden) - Not Tepeket	von Rosenberg (1853)	Mentawai
199	ngoengoe	ng u ng u	ngungu	ŋ u ŋ u	ŋuŋu	mond	mouth	MOUTH	674	431	word list	Other Mentawai Islands (Overige Mentaweij eilanden) - Not Tepeket	von Rosenberg (1853)	Mentawai
200	gigie	g i g i	gigi	ɡ i ɡ i	ɡiɡi	oor	ear	EAR	1247	431	word list	Other Mentawai Islands (Overige Mentaweij eilanden) - Not Tepeket	von Rosenberg (1853)	Mentawai
201	tschon	t s o n	tson	t ʃ o n	tʃon	tand	tooth	TOOTH	1380	431	word list	Other Mentawai Islands (Overige Mentaweij eilanden) - Not Tepeket	von Rosenberg (1853)	Mentawai
202	lilah	l i l a '	lila'	l i l a ʔ	lilaʔ	tong	tongue	TONGUE	1205	431	word list	Other Mentawai Islands (Overige Mentaweij eilanden) - Not Tepeket	von Rosenberg (1853)	Mentawai
203	ellokot	e l l o k o t	ellokot	ɛ l l o k o t	ɛllokot	hals	neck	NECK	1333	431	word list	Other Mentawai Islands (Overige Mentaweij eilanden) - Not Tepeket	von Rosenberg (1853)	Mentawai
204	topot	t o p o t	topot	t o p o t	topot	borst	chest	BOX	1465	431	word list	Other Mentawai Islands (Overige Mentaweij eilanden) - Not Tepeket	von Rosenberg (1853)	Mentawai
205	bogah	b o g a '	boga'	b o ɡ a ʔ	boɡaʔ	buik	belly	BELLY	1251	431	word list	Other Mentawai Islands (Overige Mentaweij eilanden) - Not Tepeket	von Rosenberg (1853)	Mentawai
206	parah	p a r a '	para'	p a r a ʔ	paraʔ	arm	arm	ARM	1673	431	word list	Other Mentawai Islands (Overige Mentaweij eilanden) - Not Tepeket	von Rosenberg (1853)	Mentawai
207	kabeij	k a b e:i	kabe:i	k a b ɛi̯	kabɛi̯	hand	hand	HAND	1277	431	word list	Other Mentawai Islands (Overige Mentaweij eilanden) - Not Tepeket	von Rosenberg (1853)	Mentawai
208	magatpa	m a g a t p a	magatpa	m a ɡ a t p a	maɡatpa	dij	thigh	UPPER LEG (THIGH)	471	431	word list	Other Mentawai Islands (Overige Mentaweij eilanden) - Not Tepeket	von Rosenberg (1853)	Mentawai
209	dereh	d e r e '	dere'	d ɛ r ɛ ʔ	dɛrɛʔ	voet	foot	FOOT	1301	431	word list	Other Mentawai Islands (Overige Mentaweij eilanden) - Not Tepeket	von Rosenberg (1853)	Mentawai
210	simoengeij	s i m u ng e:i	simunge:i	s i m u ŋ ɛi̯	simuŋɛi̯	teen	toe	TOE	1389	431	word list	Other Mentawai Islands (Overige Mentaweij eilanden) - Not Tepeket	von Rosenberg (1853)	Mentawai
211	siroeroet	s i r u r u t	sirurut	s i r u r u t	sirurut	haarversiersel	hair ornament	ORNAMENT	917	431	word list	Other Mentawai Islands (Overige Mentaweij eilanden) - Not Tepeket	von Rosenberg (1853)	Mentawai
212	sekelle	s e k e l l e	sekelle	s ɛ k ɛ l l ɛ	sɛkɛllɛ	halsband	collar	COLLAR	2012	431	word list	Other Mentawai Islands (Overige Mentaweij eilanden) - Not Tepeket	von Rosenberg (1853)	Mentawai
213	leijleij	l e:i l e:i	le:ile:i	l ɛi̯ l ɛi̯	lɛi̯lɛi̯	buikversiersel	belly ornament	ORNAMENT	917	431	word list	Other Mentawai Islands (Overige Mentaweij eilanden) - Not Tepeket	von Rosenberg (1853)	Mentawai
214	kabiet	k a b i t	kabit	k a b i t	kabit	schaamgordel	pubic belt	BELT	772	431	word list	Other Mentawai Islands (Overige Mentaweij eilanden) - Not Tepeket	von Rosenberg (1853)	Mentawai
215	toerok	t u r o k	turok	t u r o k	turok	mannenhoed	men's hat	HAT	771	431	word list	Other Mentawai Islands (Overige Mentaweij eilanden) - Not Tepeket	von Rosenberg (1853)	Mentawai
216	toetoe	t u t u	tutu	t u t u	tutu	vrouwenhoed	women's hat	HAT	771	431	word list	Other Mentawai Islands (Overige Mentaweij eilanden) - Not Tepeket	von Rosenberg (1853)	Mentawai
217	libbei	l i b b e i	libbei	l i b b ɛ i	libbɛi	vrouwenkleed	women's dress	DRESS	474	431	word list	Other Mentawai Islands (Overige Mentaweij eilanden) - Not Tepeket	von Rosenberg (1853)	Mentawai
218	raurau	r a u r a u	raurau	r a u r a u	raurau	boog	bow	BOW	994	431	word list	Other Mentawai Islands (Overige Mentaweij eilanden) - Not Tepeket	von Rosenberg (1853)	Mentawai
219	loeggoeij	l u g g u:i	luggu:i	l u ɡ ɡ ui̯	luɡɡui̯	pijl	arrow	ARROW	977	431	word list	Other Mentawai Islands (Overige Mentaweij eilanden) - Not Tepeket	von Rosenberg (1853)	Mentawai
220	boekboek	b u k b u k	bukbuk	b u k b u k	bukbuk	pijlkoker	quiver	QUIVER (FOR ARROWS)	995	431	word list	Other Mentawai Islands (Overige Mentaweij eilanden) - Not Tepeket	von Rosenberg (1853)	Mentawai
221	koerabiet	k u r a b i t	kurabit	k u r a b i t	kurabit	schild	shield	SHIELD	1064	431	word list	Other Mentawai Islands (Overige Mentaweij eilanden) - Not Tepeket	von Rosenberg (1853)	Mentawai
222	soat	s o a t	soat	s o a t	soat	lans	lance	SPEAR	945	431	word list	Other Mentawai Islands (Overige Mentaweij eilanden) - Not Tepeket	von Rosenberg (1853)	Mentawai
223	siloekoet	s i l u k u t	silukut	s i l u k u t	silukut	sabel	sabre	SWORD	1535	431	word list	Other Mentawai Islands (Overige Mentaweij eilanden) - Not Tepeket	von Rosenberg (1853)	Mentawai
224	bliete	b l i t e	blite	b l i t ɛ	blitɛ	dolkmes	dagger knife	KNIFE	1352	431	word list	Other Mentawai Islands (Overige Mentaweij eilanden) - Not Tepeket	von Rosenberg (1853)	Mentawai
225	betoeitet	b e t u i t e t	betuitet	b ɛ t u i t ɛ t	bɛtuitɛt	schietgeweer	shotgun	SHOTGUN	3948	431	word list	Other Mentawai Islands (Overige Mentaweij eilanden) - Not Tepeket	von Rosenberg (1853)	Mentawai
226	bogohloe	b o g o h l u	bogohlu	b o ɡ o h l u	boɡohlu	oorlog	war	WAR	935	431	word list	Other Mentawai Islands (Overige Mentaweij eilanden) - Not Tepeket	von Rosenberg (1853)	Mentawai
227	paparat	p a p a r a t	paparat	p a p a r a t	paparat	kapmes	machete	MACHETE	2680	431	word list	Other Mentawai Islands (Overige Mentaweij eilanden) - Not Tepeket	von Rosenberg (1853)	Mentawai
228	niroe	n i r u	niru	n i r u	niru	vijl	file	FILE (TOOL)	3407	431	word list	Other Mentawai Islands (Overige Mentaweij eilanden) - Not Tepeket	von Rosenberg (1853)	Mentawai
229	papat	p a p a t	papat	p a p a t	papat	plank	board	BOARD	1227	431	word list	Other Mentawai Islands (Overige Mentaweij eilanden) - Not Tepeket	von Rosenberg (1853)	Mentawai
230	loenah	l u n a '	luna'	l u n a ʔ	lunaʔ	hout	wood	WOOD	1803	431	word list	Other Mentawai Islands (Overige Mentaweij eilanden) - Not Tepeket	von Rosenberg (1853)	Mentawai
231	abak	a b a k	abak	a b a k	abak	kano	canoe	CANOE	1970	431	word list	Other Mentawai Islands (Overige Mentaweij eilanden) - Not Tepeket	von Rosenberg (1853)	Mentawai
232	knabat	k n a b a t	knabat	k n a b a t	knabat	schip	ship	SHIP	740	431	word list	Other Mentawai Islands (Overige Mentaweij eilanden) - Not Tepeket	von Rosenberg (1853)	Mentawai
233	loeka	l u k a	luka	l u k a	luka	roeispaan	oar	OAR	3137	432	word list	Other Mentawai Islands (Overige Mentaweij eilanden) - Not Tepeket	von Rosenberg (1853)	Mentawai
234	soatiwa	s o a t i w a	soatiwa	s o a t i w a	soatiwa	harpoen	harpoon	FISHING SPEAR	841	432	word list	Other Mentawai Islands (Overige Mentaweij eilanden) - Not Tepeket	von Rosenberg (1853)	Mentawai
235	kwalie	k w a l i	kwali	k w a l i	kwali	pan	pan	PAN	31	432	word list	Other Mentawai Islands (Overige Mentaweij eilanden) - Not Tepeket	von Rosenberg (1853)	Mentawai
236	laleb	l a l e b	laleb	l a l ɛ b	lalɛb	huis	house	HOUSE	1252	432	word list	Other Mentawai Islands (Overige Mentaweij eilanden) - Not Tepeket	von Rosenberg (1853)	Mentawai
237	lakkei	l a k k e i	lakkei	l a k k ɛ i	lakkɛi	dorp	village	VILLAGE	930	432	word list	Other Mentawai Islands (Overige Mentaweij eilanden) - Not Tepeket	von Rosenberg (1853)	Mentawai
238	tobat	t o b a t	tobat	t o b a t	tobat	dak	roof	ROOF	769	432	word list	Other Mentawai Islands (Overige Mentaweij eilanden) - Not Tepeket	von Rosenberg (1853)	Mentawai
239	sinetoe	s i n e t u	sinetu	s i n ɛ t u	sinɛtu	duivel	devil	DEVIL	3917	432	word list	Other Mentawai Islands (Overige Mentaweij eilanden) - Not Tepeket	von Rosenberg (1853)	Mentawai
240	eket	e k e t	eket	ɛ k ɛ t	ɛkɛt	vogellijm	bird glue	GLUE	1069	432	word list	Other Mentawai Islands (Overige Mentaweij eilanden) - Not Tepeket	von Rosenberg (1853)	Mentawai
241	tschoiëlakat	t s o i 'e l a k a t	tsoi'elakat	t ʃ o i ʔɛ l a k a t	tʃoiʔɛlakat	boomolie	tree oil	OIL (FROM PLANTS)	2555	432	word list	Other Mentawai Islands (Overige Mentaweij eilanden) - Not Tepeket	von Rosenberg (1853)	Mentawai
242	ipoe	i p u	ipu	i p u	ipu	pijlvergif	arrow poison	POISON	655	432	word list	Other Mentawai Islands (Overige Mentaweij eilanden) - Not Tepeket	von Rosenberg (1853)	Mentawai
243	dakdjok	d a k j o k	dakjok	d a k d͡ʒ o k	dakd͡ʒok	koperdraad	copper wire	WIRE	2631	432	word list	Other Mentawai Islands (Overige Mentaweij eilanden) - Not Tepeket	von Rosenberg (1853)	Mentawai
244	boelan	b u l a n	bulan	b u l a n	bulan	tin	tin	TIN (METAL)	893	432	word list	Other Mentawai Islands (Overige Mentaweij eilanden) - Not Tepeket	von Rosenberg (1853)	Mentawai
245	lahket	l a h k e t	lahket	l a h k ɛ t	lahkɛt	medicijn	medicine	MEDICINE	1372	432	word list	Other Mentawai Islands (Overige Mentaweij eilanden) - Not Tepeket	von Rosenberg (1853)	Mentawai
246	obeh	o b e '	obe'	o b ɛ ʔ	obɛʔ	tabak	tobacco	TOBACCO	974	432	word list	Other Mentawai Islands (Overige Mentaweij eilanden) - Not Tepeket	von Rosenberg (1853)	Mentawai
247	blikobat	b l i k o b a t	blikobat	b l i k o b a t	blikobat	spiegel	mirror	MIRROR	1171	432	word list	Other Mentawai Islands (Overige Mentaweij eilanden) - Not Tepeket	von Rosenberg (1853)	Mentawai
248	komang	k o m a ng	komang	k o m a ŋ	komaŋ	katoen	cotton	COTTON	1850	432	word list	Other Mentawai Islands (Overige Mentaweij eilanden) - Not Tepeket	von Rosenberg (1853)	Mentawai
249	inoe	i n u	inu	i n u	inu	glasparels	glass beads	BEAD	1860	432	word list	Other Mentawai Islands (Overige Mentaweij eilanden) - Not Tepeket	von Rosenberg (1853)	Mentawai
250	nab-nab	n a b - n a b	nab-nab	n a b - n a b	nab-nab	schaar	scissors	SHEARS	356	432	word list	Other Mentawai Islands (Overige Mentaweij eilanden) - Not Tepeket	von Rosenberg (1853)	Mentawai
251	pingolab	p i ng o l a b	pingolab	p i ŋ o l a b	piŋolab	naald	needle	NEEDLE (FOR SEWING)	1382	432	word list	Other Mentawai Islands (Overige Mentaweij eilanden) - Not Tepeket	von Rosenberg (1853)	Mentawai
252	petie	p e t i	peti	p ɛ t i	pɛti	kist	chest	BOX	1465	432	word list	Other Mentawai Islands (Overige Mentaweij eilanden) - Not Tepeket	von Rosenberg (1853)	Mentawai
253	bliok	b l i o k	bliok	b l i o k	bliok	bijl	axe	AXE	677	432	word list	Other Mentawai Islands (Overige Mentaweij eilanden) - Not Tepeket	von Rosenberg (1853)	Mentawai
254	tahko	t a h k o	tahko	t a h k o	tahko	kanon	cannon	CANNON	3202	432	word list	Other Mentawai Islands (Overige Mentaweij eilanden) - Not Tepeket	von Rosenberg (1853)	Mentawai
255	moneij	m o n e:i	mone:i	m o n ɛi̯	monɛi̯	lading	load	LOAD	1679	432	word list	Other Mentawai Islands (Overige Mentaweij eilanden) - Not Tepeket	von Rosenberg (1853)	Mentawai
256	mantgeb	m a n t g e b	mantgeb	m a n t ɡ ɛ b	mantɡɛb	morgen	tomorrow	TOMORROW	1329	432	word list	Other Mentawai Islands (Overige Mentaweij eilanden) - Not Tepeket	von Rosenberg (1853)	Mentawai
257	korreh	k o r r e '	korre'	k o r r ɛ ʔ	korrɛʔ	kikvorsch	frog	FROG	503	432	word list	Other Mentawai Islands (Overige Mentaweij eilanden) - Not Tepeket	von Rosenberg (1853)	Mentawai
258	batteh	b a t t e '	batte'	b a t t ɛ ʔ	battɛʔ	leguaan	iguana	IGUANA	1578	432	word list	Other Mentawai Islands (Overige Mentaweij eilanden) - Not Tepeket	von Rosenberg (1853)	Mentawai
259	aloebat	a l u b a t	alubat	a l u b a t	alubat	duizendpoot	centipede	CENTIPEDE	1974	432	word list	Other Mentawai Islands (Overige Mentaweij eilanden) - Not Tepeket	von Rosenberg (1853)	Mentawai
260	rateij	r a t e:i	rate:i	r a t ɛi̯	ratɛi̯	begraafplaats	cemetery	GRAVEYARD	3284	432	word list	Other Mentawai Islands (Overige Mentaweij eilanden) - Not Tepeket	von Rosenberg (1853)	Mentawai
261	poeloe	p u l u	pulu	p u l u	pulu	tien	ten	TEN	1515	432	word list	Other Mentawai Islands (Overige Mentaweij eilanden) - Not Tepeket	von Rosenberg (1853)	Mentawai
262	dongapoeloe	d o ng a p u l u	dongapulu	d o ŋ a p u l u	doŋapulu	twintig	twenty	TWENTY	1710	432	word list	Other Mentawai Islands (Overige Mentaweij eilanden) - Not Tepeket	von Rosenberg (1853)	Mentawai
263	telongapoeloe	t e l o ng a p u l u	telongapulu	t ɛ l o ŋ a p u l u	tɛloŋapulu	dertig	thirty	THIRTY	1715	432	word list	Other Mentawai Islands (Overige Mentaweij eilanden) - Not Tepeket	von Rosenberg (1853)	Mentawai
264	ebatnapoeloe	e b a t n a p u l u	ebatnapulu	ɛ b a t n a p u l u	ɛbatnapulu	veertig	forty	FORTY	1716	432	word list	Other Mentawai Islands (Overige Mentaweij eilanden) - Not Tepeket	von Rosenberg (1853)	Mentawai
265	pitongapoeloe	p i t o ng a p u l u	pitongapulu	p i t o ŋ a p u l u	pitoŋapulu	zeventig	seventy	SEVENTY	1721	432	word list	Other Mentawai Islands (Overige Mentaweij eilanden) - Not Tepeket	von Rosenberg (1853)	Mentawai
266	walongapoeloe	w a l o ng a p u l u	walongapulu	w a l o ŋ a p u l u	waloŋapulu	tachtig	eighty	EIGHTY	1722	432	word list	Other Mentawai Islands (Overige Mentaweij eilanden) - Not Tepeket	von Rosenberg (1853)	Mentawai
267	siwanongpoeloe	s i w a n o ng p u l u	siwanongpulu	s i w a n o ŋ p u l u	siwanoŋpulu	negentig	ninety	NINETY	1724	432	word list	Other Mentawai Islands (Overige Mentaweij eilanden) - Not Tepeket	von Rosenberg (1853)	Mentawai
268	singotoe	s i ng o t u	singotu	s i ŋ o t u	siŋotu	een honderd	one hundred	HUNDRED	1634	432	word list	Other Mentawai Islands (Overige Mentaweij eilanden) - Not Tepeket	von Rosenberg (1853)	Mentawai
269	dongenotoe	d o ng e n o t u	dongenotu	d o ŋ ɛ n o t u	doŋɛnotu	twee honderd	two hundred	TWO HUNDRED	2676	432	word list	Other Mentawai Islands (Overige Mentaweij eilanden) - Not Tepeket	von Rosenberg (1853)	Mentawai
